,Full Date
0,
1,103 days
2,345 days
3,145 days
4,385 days
5,536 days
6,614 days
7,23 days
8,200 days
9,784 days
10,498 days
11,217 days
12,159 days
13,34 days
14,295 days
15,596 days
16,140 days
17,29 days
18,290 days
19,162 days
20,199 days
21,98 days
22,11 days
23,167 days
24,26 days
25,224 days
26,219 days
27,43 days
28,19 days
29,6 days
30,235 days
31,522 days
32,246 days
33,299 days
34,152 days
35,67 days
36,117 days
37,240 days
38,277 days
39,479 days
40,6 days
41,16 days
42,8 days
43,5 days
44,122 days
45,47 days
46,167 days
47,24 days
48,235 days
49,36 days
50,69 days
51,49 days
52,5 days
53,7 days
54,188 days
55,194 days
56,93 days
57,107 days
58,153 days
59,52 days
60,75 days
61,482 days
62,27 days
63,79 days
64,15 days
65,78 days
66,18 days
67,0 days
68,57 days
69,294 days
70,41 days
71,0 days
72,44 days
73,56 days
74,48 days
75,48 days
76,58 days
77,81 days
78,39 days
79,242 days
80,14 days
81,27 days
82,148 days
83,67 days
84,195 days
85,340 days
86,133 days
87,50 days
88,58 days
89,252 days
90,142 days
91,17 days
92,93 days
93,1 days
94,9 days
95,160 days
96,155 days
97,54 days
98,57 days
99,134 days
100,133 days
101,63 days
102,233 days
103,4 days
104,60 days
105,7 days
106,33 days
107,99 days
108,69 days
109,208 days
110,5 days
111,212 days
112,4 days
113,24 days
114,125 days
115,64 days
116,58 days
117,11 days
118,28 days
119,119 days
120,211 days
121,30 days
122,36 days
123,173 days
124,58 days
125,51 days
126,16 days
127,53 days
128,78 days
129,89 days
130,39 days
131,47 days
132,49 days
133,52 days
134,157 days
135,92 days
136,154 days
137,236 days
138,29 days
139,77 days
140,44 days
141,18 days
142,0 days
143,80 days
144,18 days
145,95 days
146,25 days
147,78 days
148,105 days
149,31 days
150,44 days
151,75 days
152,118 days
153,35 days
154,9 days
155,75 days
156,17 days
157,12 days
158,55 days
159,26 days
160,41 days
161,76 days
162,45 days
163,11 days
164,77 days
165,23 days
166,105 days
167,64 days
168,1 days
169,27 days
170,101 days
171,0 days
172,78 days
173,18 days
174,300 days
175,66 days
176,6 days
177,9 days
178,15 days
179,41 days
180,188 days
181,27 days
182,138 days
183,10 days
184,8 days
185,33 days
186,101 days
187,37 days
188,3 days
189,60 days
190,2 days
191,63 days
192,14 days
193,26 days
